cftv.xml,/ead/archdesc/dsc/c01[3]/c02[7]/c03[4]/c04[1],series->subseries->subseries->file
cftv.xml,/ead/archdesc/dsc/c01[3]/c02[7]/c03[4]/c04[2],series->subseries->subseries->file
cftv.xml,/ead/archdesc/dsc/c01[3]/c02[7]/c03[4]/c04[3],series->subseries->subseries->file
cftv.xml,/ead/archdesc/dsc/c01[3]/c02[7]/c03[4]/c04[4],series->subseries->subseries->file
cftv.xml,/ead/archdesc/dsc/c01[3]/c02[7]/c03[4]/c04[5],series->subseries->subseries->file
cftv.xml,/ead/archdesc/dsc/c01[3]/c02[7]/c03[4]/c04[6],series->subseries->subseries->file
umhosp.xml,/ead/archdesc/dsc/c01[3]/c02[5]/c03[2]/c04[1],series->subseries->subseries->file
umhosp.xml,/ead/archdesc/dsc/c01[3]/c02[5]/c03[2]/c04[2],series->subseries->subseries->file
cftv.xml,/ead/archdesc/dsc/c01[3]/c02[7]/c03[4]/c04[1],series->subseries->subseries->file
cftv.xml,/ead/archdesc/dsc/c01[3]/c02[7]/c03[4]/c04[2],series->subseries->subseries->file
cftv.xml,/ead/archdesc/dsc/c01[3]/c02[7]/c03[4]/c04[3],series->subseries->subseries->file
cftv.xml,/ead/archdesc/dsc/c01[3]/c02[7]/c03[4]/c04[4],series->subseries->subseries->file
cftv.xml,/ead/archdesc/dsc/c01[3]/c02[7]/c03[4]/c04[5],series->subseries->subseries->file
cftv.xml,/ead/archdesc/dsc/c01[3]/c02[7]/c03[4]/c04[6],series->subseries->subseries->file
umhosp.xml,/ead/archdesc/dsc/c01[3]/c02[5]/c03[2]/c04[1],series->subseries->subseries->file
umhosp.xml,/ead/archdesc/dsc/c01[3]/c02[5]/c03[2]/c04[2],series->subseries->subseries->file
vpcfo.xml,/ead/archdesc/dsc/c01[1]/c02[1]/c03[77]/c04[2]/c05[1],series->subseries->item->file->file
vpcfo.xml,/ead/archdesc/dsc/c01[1]/c02[1]/c03[77]/c04[2]/c05[2],series->subseries->item->file->item
vpcfo.xml,/ead/archdesc/dsc/c01[1]/c02[4]/c03[12]/c04[1]/c05[1],series->subseries->item->file->file
vpcfo.xml,/ead/archdesc/dsc/c01[1]/c02[4]/c03[12]/c04[1]/c05[2],series->subseries->item->file->item
