ztgergan.xml,Z. T. Gerganoff architectural firm records 1928-1977,/ead/archdesc/dsc/c01[1]/c02[3]/c03[14]/did/container,Miscellaneous (single family residences) (No Job No.),25-27
ztgergan.xml,Z. T. Gerganoff architectural firm records 1928-1977,/ead/archdesc/dsc/c01[1]/c02[3]/c03[1]/did/container,"Ann Arbor. Washtenaw County Building, Huron and Main Street 1946 (Job No. 592)",14-15
ztgergan.xml,Z. T. Gerganoff architectural firm records 1928-1977,/ead/archdesc/dsc/c01[1]/c02[1]/c03[6]/did/container,Dearborn. St. Clement Orthodox Church 1964 (Job No. 921),3-4
youtie.xml,Herbert C. and Louise C. Youtie papers 1921-1980,/ead/archdesc/dsc/c01[2]/c02[5]/c03[39]/did/container[2],John Chrysostom,12-13
ymcadet.xml,"YMCA of Metropolitan Detroit, Metropolitan Offices records 1877-2012",/ead/archdesc/dsc/c01[5]/c02[6]/did/container, 1941 ,11-12
ymcadet.xml,"YMCA of Metropolitan Detroit, Metropolitan Offices records 1877-2012",/ead/archdesc/dsc/c01[5]/c02[5]/did/container, 1940 ,9-10
ymcadet.xml,"YMCA of Metropolitan Detroit, Metropolitan Offices records 1877-2012",/ead/archdesc/dsc/c01[5]/c02[4]/did/container, 1939 ,7-8
ymcadet.xml,"YMCA of Metropolitan Detroit, Metropolitan Offices records 1877-2012",/ead/archdesc/dsc/c01[5]/c02[3]/did/container, 1938 ,5-6
ymcadet.xml,"YMCA of Metropolitan Detroit, Metropolitan Offices records 1877-2012",/ead/archdesc/dsc/c01[5]/c02[2]/did/container, 1937 ,3-4
ymcadet.xml,"YMCA of Metropolitan Detroit, Metropolitan Offices records 1877-2012",/ead/archdesc/dsc/c01[5]/c02[1]/did/container, 1936 ,1-2
wislanlu.xml,Wisconsin Land &amp; Lumber Company records 1871-1920,/ead/archdesc/dsc/c01[3]/c02[4]/did/container,Miscellaneous volumes (unlisted),40-45
wislanlu.xml,Wisconsin Land &amp; Lumber Company records 1871-1920,/ead/archdesc/dsc/c01[3]/c02[3]/did/container,Inventory books,32-37
wislanlu.xml,Wisconsin Land &amp; Lumber Company records 1871-1920,/ead/archdesc/dsc/c01[3]/c02[2]/did/container,Order Books,13-14
winesher.xml,Sherwin T. Wine papers 1930s-2011,/ead/archdesc/dsc/c01[11]/c02[1]/did/container,Cassettes of various lectures delivered at the Center for New Thinking 1970s-2007,29-38
willrunl.xml,Willow Run Public School Library records 1944-1969,/ead/archdesc/dsc/c01/c02[3]/did/container,"Scrapbooks relating to Willow Run, 1942-1944",1-3
willekel.xml,"Leonard Bernard Willeke papers 1900-1984, 1906-1958",/ead/archdesc/dsc/c01[2]/c02[2]/c03[1]/c04[93]/c05[1]/did/container[2],Architectural Drawings undated,50-54
wenleyrm.xml,R. M. Wenley Papers 1879-1931,/ead/archdesc/dsc/c01[5]/c02[6]/did/container[2],Addresses concerning religious issues,159-162
wenleyrm.xml,R. M. Wenley Papers 1879-1931,/ead/archdesc/dsc/c01[5]/c02[5]/did/container[2],Philosophy papers and addresses,155-158
wenleyrm.xml,R. M. Wenley Papers 1879-1931,/ead/archdesc/dsc/c01[5]/c02[4]/did/container[2],Notes and addresses,151-154
wenleyrm.xml,R. M. Wenley Papers 1879-1931,/ead/archdesc/dsc/c01[5]/c02[3]/did/container[2],Notes and addresses concerning literature,146-148
wenleyrm.xml,R. M. Wenley Papers 1879-1931,/ead/archdesc/dsc/c01[5]/c02[2]/did/container[2],Papers and addresses regarding education,136-145
wenleyrm.xml,R. M. Wenley Papers 1879-1931,/ead/archdesc/dsc/c01[5]/c02[1]/did/container[2],Miscellaneous speeches and papers,114-135
wenleyrm.xml,R. M. Wenley Papers 1879-1931,/ead/archdesc/dsc/c01[4]/c02[38]/did/container[2],Politics,113-114
wenleyrm.xml,R. M. Wenley Papers 1879-1931,/ead/archdesc/dsc/c01[4]/c02[7]/did/container[2],"Cause, skepticism, system, etc.",76-77
wenleyrm.xml,R. M. Wenley Papers 1879-1931,/ead/archdesc/dsc/c01[4]/c02[4]/did/container[2],Shakespeare,71-73
wenleyrm.xml,R. M. Wenley Papers 1879-1931,/ead/archdesc/dsc/c01[4]/c02[2]/did/container[2],"""Early Greek philosophy""",65-67
wenleyrm.xml,R. M. Wenley Papers 1879-1931,/ead/archdesc/dsc/c01[4]/c02[1]/did/container[2],"""Philosophy of Religion""",60-64
wenleyrm.xml,R. M. Wenley Papers 1879-1931,/ead/archdesc/dsc/c01[3]/c02[4]/did/container[2],"""Recollections, reflections and impressions of a vagrant Scot: an essay in informal autobiography"" 1916",50-52
wenleyrm.xml,R. M. Wenley Papers 1879-1931,/ead/archdesc/dsc/c01[2]/c02[4]/c03[10]/did/container[2],Printed testimonials favoring Wenley's appointment to academic positions in Scotland,45-46
weillou.xml,Louis A. Weil papers 1904-1952,/ead/archdesc/dsc/c01[4]/c02[3]/did/container,"Phonograph records of broadcast featuring Supreme Court Justice Eugene Black in which he exposes ""Michigan Gang"" May 27, 1948",1-3
wallm60m.xml,"Mike Wallace CBS/60 Minutes papers 1922-2007, 1968-2007",/ead/archdesc/dsc/c01[6]/c02[2]/did/container,William Westmoreland law suit,100-104
wallm60m.xml,"Mike Wallace CBS/60 Minutes papers 1922-2007, 1968-2007",/ead/archdesc/dsc/c01[6]/c02[1]/did/container,Anthony Herbert law suit,98-99
wallm60m.xml,"Mike Wallace CBS/60 Minutes papers 1922-2007, 1968-2007",/ead/archdesc/dsc/c01[3]/c02[7]/did/container,Biographies and clippings about MW 1990s,147-148
vpcfo.xml,Executive Vice President and Chief Financial Officer (University of Michigan) records 1909-2006,/ead/archdesc/dsc/c01[1]/c02[1]/c03[166]/did/container,[Eliminated During Reprocessing],26-33
umussoc.xml,University Musical Society (University of Michigan) Records 1879-2009,/ead/archdesc/dsc/c01[7]/c02[7]/did/container, 1986/87-2004/05 ,124-127
umpubs.xml,"University of Michigan assorted publications circa 1920-2014, 1970s-1990s",/ead/archdesc/dsc/c01[1]/c02[13]/c03[4]/did/container,Vice President for State and Community Relations/Vice President for State and Government Relations,224-225
umpubs.xml,"University of Michigan assorted publications circa 1920-2014, 1970s-1990s",/ead/archdesc/dsc/c01[1]/c02[13]/c03[3]/did/container,Vice President for Development,222-223
umpubs.xml,"University of Michigan assorted publications circa 1920-2014, 1970s-1990s",/ead/archdesc/dsc/c01[1]/c02[13]/c03[2]/did/container,Vice President for Academic Affairs,220-221
umpubs.xml,"University of Michigan assorted publications circa 1920-2014, 1970s-1990s",/ead/archdesc/dsc/c01[1]/c02[12]/c03[31]/did/container,University of Michigan Library,211-212
umpubs.xml,"University of Michigan assorted publications circa 1920-2014, 1970s-1990s",/ead/archdesc/dsc/c01[1]/c02[10]/c03[38]/did/container,Solar Car Project,190-191
umpubs.xml,"University of Michigan assorted publications circa 1920-2014, 1970s-1990s",/ead/archdesc/dsc/c01[1]/c02[10]/c03[18]/did/container,School of Education,178-180
umpubs.xml,"University of Michigan assorted publications circa 1920-2014, 1970s-1990s",/ead/archdesc/dsc/c01[1]/c02[10]/c03[17]/did/container,School of Dentistry,176-177
umpubs.xml,"University of Michigan assorted publications circa 1920-2014, 1970s-1990s",/ead/archdesc/dsc/c01[1]/c02[10]/c03[16]/did/container,School of Business Administration,174-175
umpubs.xml,"University of Michigan assorted publications circa 1920-2014, 1970s-1990s",/ead/archdesc/dsc/c01[1]/c02[8]/c03[20]/did/container,Office of Orientation,149-151
umpubs.xml,"University of Michigan assorted publications circa 1920-2014, 1970s-1990s",/ead/archdesc/dsc/c01[1]/c02[7]/c03[65]/did/container,News and Information Services,139-140
umpubs.xml,"University of Michigan assorted publications circa 1920-2014, 1970s-1990s",/ead/archdesc/dsc/c01[1]/c02[7]/c03[19]/did/container,Medical School,121-124
umpubs.xml,"University of Michigan assorted publications circa 1920-2014, 1970s-1990s",/ead/archdesc/dsc/c01[1]/c02[7]/c03[3]/did/container,M-Care,117-118
umpubs.xml,"University of Michigan assorted publications circa 1920-2014, 1970s-1990s",/ead/archdesc/dsc/c01[1]/c02[6]/c03[27]/did/container,International Institute,109-110
umpubs.xml,"University of Michigan assorted publications circa 1920-2014, 1970s-1990s",/ead/archdesc/dsc/c01[1]/c02[6]/c03[18]/did/container,Institute of Gerontology,99-102
umpubs.xml,"University of Michigan assorted publications circa 1920-2014, 1970s-1990s",/ead/archdesc/dsc/c01[1]/c02[6]/c03[12]/did/container,Institute for Social Research -- Monitoring the Future,95-96
umpubs.xml,"University of Michigan assorted publications circa 1920-2014, 1970s-1990s",/ead/archdesc/dsc/c01[1]/c02[6]/c03[5]/did/container,Information Technology Division/Information Technology Central Services,92-93
umpubs.xml,"University of Michigan assorted publications circa 1920-2014, 1970s-1990s",/ead/archdesc/dsc/c01[1]/c02[5]/c03[37]/did/container,Horace H. Rackham School of Graduate Studies,88-89
umpubs.xml,"University of Michigan assorted publications circa 1920-2014, 1970s-1990s",/ead/archdesc/dsc/c01[1]/c02[4]/c03[17]/did/container,Extension Service,73-74
umpubs.xml,"University of Michigan assorted publications circa 1920-2014, 1970s-1990s",/ead/archdesc/dsc/c01[1]/c02[4]/c03[16]/did/container,Executive Vice President and Chief Financial Officer,70-72
umpubs.xml,"University of Michigan assorted publications circa 1920-2014, 1970s-1990s",/ead/archdesc/dsc/c01[1]/c02[2]/c03[42]/did/container,College of Engineering,26-30
umpubs.xml,"University of Michigan assorted publications circa 1920-2014, 1970s-1990s",/ead/archdesc/dsc/c01[1]/c02[2]/c03[21]/did/container,Center for Research on Economic Development (CRED),19-21
umpubs.xml,"University of Michigan assorted publications circa 1920-2014, 1970s-1990s",/ead/archdesc/dsc/c01[1]/c02[2]/c03[12]/did/container,Center for Great Lakes and Aquatic Sciences,15-16
umpresid.xml,President (University of Michigan) records 1967-2014,/ead/archdesc/dsc/c01[3]/c02[4]/c03[3]/c04[3]/c05[2]/did/container,Faculty and Staff Case Materials (1970s-1980s bulk 1980s),229-230
umhosp.xml,Hospitals (University of Michigan) records 1875-2005,/ead/archdesc/dsc/c01[5]/c02[1]/c03[1]/did/container,Replacement Hospital Plans (Microfiche),40-48
umhosp.xml,Hospitals (University of Michigan) records 1875-2005,/ead/archdesc/dsc/c01[4]/c02[4]/c03[2]/did/container,Patient Registration Books July 1923-April 1975,2-33
taubmana.xml,A. Alfred Taubman papers 1942-2014,/ead/archdesc/dsc/c01[9]/c02[1]/did/container,"Exhibit produced by Lawrence Technological University in 2012 entitled ""Pioneering the Purchase: A Retrospective Exhibition Honoring A. Alfred Taubman""",1-12
taubmana.xml,A. Alfred Taubman papers 1942-2014,/ead/archdesc/dsc/c01[6]/c02[1]/c03[3]/c04[57]/did/container,[With additional processing and consolidation these box numbers were eliminated.],150-153
snre.xml,School of Natural Resources and Environment (University of Michigan) records 1903-2012,/ead/archdesc/dsc/c01[14]/c02/did/container,Course Files,42-43
sincljl.xml,John and Leni Sinclair papers 1957-2003,/ead/archdesc/dsc/c01[2]/c02[1]/c03[7]/did/container,Underground and White Panther publications,33-35
sibleyjb.xml,James B. Sibley papers 1918-1919,/ead/archdesc/dsc/c01[3]/c02/did/container,"Helmet, shell casing trench art (75 mm), 37 mm shell, VFW Post 436 cap, and uniform insignia",1-2
saxj.xml,Joseph L. Sax papers 1943-2013,/ead/archdesc/dsc/c01[5]/c02[1]/c03[9]/did/container,Pigeon River Case (West Michigan Environmental Action Council v. Natural Resources Commission),13-15
ruthvena.xml,"Alexander G. Ruthven Papers 1901-1961, 1906-1951",/ead/archdesc/dsc/c01[1]/c02[2]/c03[23]/did/container,Speeches as president (various topics) 1929-1951,60-61
romneyg.xml,George Romney Papers 1939-1973,/ead/archdesc/dsc/c01[1]/c02[3]/c03[2]/c04[3]/c05/did/container,Case files,397-398
romneyg.xml,George Romney Papers 1939-1973,/ead/archdesc/dsc/c01[1]/c02[3]/c03[2]/c04[2]/c05/did/container,Name files,379-396
romneyg.xml,George Romney Papers 1939-1973,/ead/archdesc/dsc/c01[1]/c02[2]/c03[4]/c04[5]/did/container, 1967 ,310-311
romneyg.xml,George Romney Papers 1939-1973,/ead/archdesc/dsc/c01[1]/c02[2]/c03[4]/c04[4]/did/container, 1966 ,309-310
romneyg.xml,George Romney Papers 1939-1973,/ead/archdesc/dsc/c01[1]/c02[2]/c03[4]/c04[3]/did/container, 1965 ,308-309
romneyg.xml,George Romney Papers 1939-1973,/ead/archdesc/dsc/c01[1]/c02[2]/c03[4]/c04[2]/did/container, 1964 ,306-307
romneyg.xml,George Romney Papers 1939-1973,/ead/archdesc/dsc/c01[1]/c02[2]/c03[4]/c04[1]/did/container, 1963 ,304-305
romneyg.xml,George Romney Papers 1939-1973,/ead/archdesc/dsc/c01[1]/c02[2]/c03[3]/c04[2]/did/container,Invitations to Lenore Romney,302-303
rackhamg.xml,Horace H. Rackham School of Graduate Studies (University of Michigan) records 1892-2014,/ead/archdesc/dsc/c01[1]/c02[5]/c03[5]/did/container,Topical File (A-Z),76-78
powereb.xml,Eugene B. Power papers 1937-1993,/ead/archdesc/dsc/c01[9]/c02[12]/did/container[2],"Miscellaneous EBP speeches, correspondence, and UMI reports",12-19
plantext.xml,Plant Extension Services (University of Michigan) records 1907-1996,/ead/archdesc/dsc/c01[1]/c02[35]/did/container,Planting Diagrams 1910-1938,15-16
plantext.xml,Plant Extension Services (University of Michigan) records 1907-1996,/ead/archdesc/dsc/c01[1]/c02[29]/did/container,Natural Science Building 1914,12-14
plantext.xml,Plant Extension Services (University of Michigan) records 1907-1996,/ead/archdesc/dsc/c01[1]/c02[28]/did/container,Michigan Union 1917,10-11
plantext.xml,Plant Extension Services (University of Michigan) records 1907-1996,/ead/archdesc/dsc/c01[1]/c02[9]/did/container,Detroit Observatory 1907-1909,1-3
pharmacy.xml,"College of Pharmacy (University of Michigan) records 1864-2010, 1940-2000",/ead/archdesc/dsc/c01[6]/c02/did/container, 1989-1994 ,35-37
penncent.xml,"Penn Central Transportation Company Records 1835-1981, 1835-1960",/ead/archdesc/dsc/c01[3]/c02[4]/c03[124]/c04[2]/c05[5]/c06[10]/did/container, 1882 ,45-46
parsonsj.xml,"Jeffrey R. Parsons papers 1960-2013, 1966-1992",/ead/archdesc/dsc/c01[7]/c02[1]/c03[1]/c04[11]/did/container,Rolls 51-55,26-27
oharajas.xml,"James G. O'Hara papers 1958-1987, 1958-1976",/ead/archdesc/dsc/c01[1]/c02[6]/c03[14]/did/container,Newspaper Clippings,41-43
nursing.xml,"School of Nursing (University of Michigan) records 1891-2010, 1940-[ongoing]",/ead/archdesc/dsc/c01[8]/c02[4]/c03/did/container,[Unprocessed files],69-71
murphyf.xml,Frank Murphy papers 1908-1949,/ead/archdesc/dsc/c01[6]/c02[12]/did/container,Memorandum to Attorney General Frank Murphy from the Federal Bureau of Investigation 1939,87-89
milliken.xml,William G. Milliken papers 1961-1982,/ead/archdesc/dsc/c01[1]/c02[8]/c03/did/container,ROBO Letters,1619-1771
michbell.xml,Michigan Bell Telephone Company Photographs 1949-1983,/ead/archdesc/dsc/c01[1]/c02[7]/c03[61]/did/container[2],Women's Club,731-732
michbell.xml,Michigan Bell Telephone Company Photographs 1949-1983,/ead/archdesc/dsc/c01[1]/c02[7]/c03[58]/did/container[2],Western Electric,726-728
michbell.xml,Michigan Bell Telephone Company Photographs 1949-1983,/ead/archdesc/dsc/c01[1]/c02[7]/c03[52]/did/container[2],Vail Medal,717-720
michbell.xml,Michigan Bell Telephone Company Photographs 1949-1983,/ead/archdesc/dsc/c01[1]/c02[7]/c03[49]/did/container[2],Upbeat,713-714
michbell.xml,Michigan Bell Telephone Company Photographs 1949-1983,/ead/archdesc/dsc/c01[1]/c02[7]/c03[48]/did/container[2],United Foundations,711-712
michbell.xml,Michigan Bell Telephone Company Photographs 1949-1983,/ead/archdesc/dsc/c01[1]/c02[7]/c03[43]/did/container[2],Trimline,705-706
michbell.xml,Michigan Bell Telephone Company Photographs 1949-1983,/ead/archdesc/dsc/c01[1]/c02[7]/c03[35]/c04[1]/did/container[2],General,694-696
michbell.xml,Michigan Bell Telephone Company Photographs 1949-1983,/ead/archdesc/dsc/c01[1]/c02[7]/c03[22]/c04[3]/did/container[2],Miscellaneous,678-679
michbell.xml,Michigan Bell Telephone Company Photographs 1949-1983,/ead/archdesc/dsc/c01[1]/c02[7]/c03[22]/c04[1]/did/container[2], 1976 ,675-676
michbell.xml,Michigan Bell Telephone Company Photographs 1949-1983,/ead/archdesc/dsc/c01[1]/c02[7]/c03[19]/c04[2]/did/container[2],Antennas,663-664
michbell.xml,Michigan Bell Telephone Company Photographs 1949-1983,/ead/archdesc/dsc/c01[1]/c02[7]/c03[19]/c04[1]/did/container[2],General,661-662
michbell.xml,Michigan Bell Telephone Company Photographs 1949-1983,/ead/archdesc/dsc/c01[1]/c02[7]/c03[18]/did/container[2],Teletypewriters,658-660
michbell.xml,Michigan Bell Telephone Company Photographs 1949-1983,/ead/archdesc/dsc/c01[1]/c02[7]/c03[16]/c04[6]/did/container[2],Kitchens,652-653
michbell.xml,Michigan Bell Telephone Company Photographs 1949-1983,/ead/archdesc/dsc/c01[1]/c02[7]/c03[16]/c04[2]/did/container[2],Bedrooms,647-648
michbell.xml,Michigan Bell Telephone Company Photographs 1949-1983,/ead/archdesc/dsc/c01[1]/c02[7]/c03[13]/did/container[2],Telephone Hour,642-643
michbell.xml,Michigan Bell Telephone Company Photographs 1949-1983,/ead/archdesc/dsc/c01[1]/c02[7]/c03[3]/did/container[2],Suggestion (employee) plan and winners,627-630
michbell.xml,Michigan Bell Telephone Company Photographs 1949-1983,/ead/archdesc/dsc/c01[1]/c02[6]/c03[32]/did/container[2],Stocks and bonds,614-615
michbell.xml,Michigan Bell Telephone Company Photographs 1949-1983,/ead/archdesc/dsc/c01[1]/c02[6]/c03[30]/c04[1]/did/container[2],Baseball,593-595
michbell.xml,Michigan Bell Telephone Company Photographs 1949-1983,/ead/archdesc/dsc/c01[1]/c02[6]/c03[23]/did/container[2],Signs,562-563
michbell.xml,Michigan Bell Telephone Company Photographs 1949-1983,/ead/archdesc/dsc/c01[1]/c02[6]/c03[20]/did/container[2],Service representatives,558-559
michbell.xml,Michigan Bell Telephone Company Photographs 1949-1983,/ead/archdesc/dsc/c01[1]/c02[6]/c03[12]/c04[2]/did/container[2],Michigan,546-547
michbell.xml,Michigan Bell Telephone Company Photographs 1949-1983,/ead/archdesc/dsc/c01[1]/c02[6]/c03[7]/c04[1]/did/container[2],General,532-534
michbell.xml,Michigan Bell Telephone Company Photographs 1949-1983,/ead/archdesc/dsc/c01[1]/c02[6]/c03[6]/did/container[2],Rural,529-531
michbell.xml,Michigan Bell Telephone Company Photographs 1949-1983,/ead/archdesc/dsc/c01[1]/c02[6]/c03[3]/did/container[2],Retired people,525-526
michbell.xml,Michigan Bell Telephone Company Photographs 1949-1983,/ead/archdesc/dsc/c01[1]/c02[5]/c03[32]/did/container[2],Public offices (commercial offices and employees),506-511
michbell.xml,Michigan Bell Telephone Company Photographs 1949-1983,/ead/archdesc/dsc/c01[1]/c02[5]/c03[31]/did/container[2],Princess Phones,504-505
michbell.xml,Michigan Bell Telephone Company Photographs 1949-1983,/ead/archdesc/dsc/c01[1]/c02[5]/c03[30]/did/container[2],Posters,502-503
michbell.xml,Michigan Bell Telephone Company Photographs 1949-1983,/ead/archdesc/dsc/c01[1]/c02[5]/c03[29]/did/container[2],PBX (use by other companies; include work operations of various firms,500-501
michbell.xml,Michigan Bell Telephone Company Photographs 1949-1983,/ead/archdesc/dsc/c01[1]/c02[5]/c03[28]/did/container[2],"PBX (operators, equipment, staff activities)",497-499
michbell.xml,Michigan Bell Telephone Company Photographs 1949-1983,/ead/archdesc/dsc/c01[1]/c02[5]/c03[18]/did/container[2],Plant training (lab set ups for plant school),485-487
michbell.xml,Michigan Bell Telephone Company Photographs 1949-1983,/ead/archdesc/dsc/c01[1]/c02[5]/c03[14]/did/container[2],Personalities (employee activities and hobbies),476-481
michbell.xml,Michigan Bell Telephone Company Photographs 1949-1983,/ead/archdesc/dsc/c01[1]/c02[5]/c03[13]/did/container[2],People (various business and personal activities),474-475
michbell.xml,Michigan Bell Telephone Company Photographs 1949-1983,/ead/archdesc/dsc/c01[1]/c02[5]/c03[12]/c04[1]/did/container[2],General,464-472
michbell.xml,Michigan Bell Telephone Company Photographs 1949-1983,/ead/archdesc/dsc/c01[1]/c02[5]/c03[9]/c04[1]/did/container[2],Robert Thom Michigan history series,438-460
michbell.xml,Michigan Bell Telephone Company Photographs 1949-1983,/ead/archdesc/dsc/c01[1]/c02[5]/c03[8]/did/container[2],Outside companies (photos of other firms),435-437
michbell.xml,Michigan Bell Telephone Company Photographs 1949-1983,/ead/archdesc/dsc/c01[1]/c02[5]/c03[7]/did/container[2],Operators,422-434
michbell.xml,Michigan Bell Telephone Company Photographs 1949-1983,/ead/archdesc/dsc/c01[1]/c02[4]/c03[49]/c04[2]/did/container[2],Company trucks,391-392
michbell.xml,Michigan Bell Telephone Company Photographs 1949-1983,/ead/archdesc/dsc/c01[1]/c02[4]/c03[45]/did/container[2],Mobile radio telephone,383-386
michbell.xml,Michigan Bell Telephone Company Photographs 1949-1983,/ead/archdesc/dsc/c01[1]/c02[4]/c03[39]/did/container[2],Microwave towers,375-377
michbell.xml,Michigan Bell Telephone Company Photographs 1949-1983,/ead/archdesc/dsc/c01[1]/c02[4]/c03[35]/did/container[2],Medical Group,370-371
michbell.xml,Michigan Bell Telephone Company Photographs 1949-1983,/ead/archdesc/dsc/c01[1]/c02[4]/c03[32]/did/container[2],Marketing Department,363-367
michbell.xml,Michigan Bell Telephone Company Photographs 1949-1983,/ead/archdesc/dsc/c01[1]/c02[4]/c03[29]/did/container[2],Management,358-360
michbell.xml,Michigan Bell Telephone Company Photographs 1949-1983,/ead/archdesc/dsc/c01[1]/c02[4]/c03[23]/did/container[2],Linemen,350-352
michbell.xml,Michigan Bell Telephone Company Photographs 1949-1983,/ead/archdesc/dsc/c01[1]/c02[4]/c03[15]/did/container[2],Junior Achievement,339-342
michbell.xml,Michigan Bell Telephone Company Photographs 1949-1983,/ead/archdesc/dsc/c01[1]/c02[4]/c03[11]/did/container[2],Installers,328-333
michbell.xml,Michigan Bell Telephone Company Photographs 1949-1983,/ead/archdesc/dsc/c01[1]/c02[4]/c03[1]/did/container[2],Hobbies,316-317
michbell.xml,Michigan Bell Telephone Company Photographs 1949-1983,/ead/archdesc/dsc/c01[1]/c02[3]/c03[31]/did/container[2],Frames-C.O. frames,302-306
michbell.xml,Michigan Bell Telephone Company Photographs 1949-1983,/ead/archdesc/dsc/c01[1]/c02[3]/c03[11]/c04[6]/c05[2]/did/container[2],Miscellaneous,269-277
michbell.xml,Michigan Bell Telephone Company Photographs 1949-1983,/ead/archdesc/dsc/c01[1]/c02[3]/c03[4]/c04[3]/did/container[2],High school,247-248
michbell.xml,Michigan Bell Telephone Company Photographs 1949-1983,/ead/archdesc/dsc/c01[1]/c02[2]/c03[41]/did/container[2],Employees-Skilled/craft,238-241
michbell.xml,Michigan Bell Telephone Company Photographs 1949-1983,/ead/archdesc/dsc/c01[1]/c02[2]/c03[39]/did/container[2],Employees and employees at work,235-236
michbell.xml,Michigan Bell Telephone Company Photographs 1949-1983,/ead/archdesc/dsc/c01[1]/c02[2]/c03[35]/did/container[2],"Employee activities (non-work, charitable) 1955-1958",230-231
michbell.xml,Michigan Bell Telephone Company Photographs 1949-1983,/ead/archdesc/dsc/c01[1]/c02[2]/c03[25]/c04[13]/c05[1]/did/container[2],Bell addition,212-217
michbell.xml,Michigan Bell Telephone Company Photographs 1949-1983,/ead/archdesc/dsc/c01[1]/c02[2]/c03[25]/c04[9]/did/container[2],Miscellaneous,200-205
michbell.xml,Michigan Bell Telephone Company Photographs 1949-1983,/ead/archdesc/dsc/c01[1]/c02[2]/c03[22]/did/container[2],Directories,185-186
michbell.xml,Michigan Bell Telephone Company Photographs 1949-1983,/ead/archdesc/dsc/c01[1]/c02[2]/c03[12]/did/container[2],"Demonstrations (equipment, training sessions, etc.)",171-174
michbell.xml,Michigan Bell Telephone Company Photographs 1949-1983,/ead/archdesc/dsc/c01[1]/c02[1]/c03[57]/did/container[2],Christmas parties and charitable activities 1947-1975,97-101
michbell.xml,Michigan Bell Telephone Company Photographs 1949-1983,/ead/archdesc/dsc/c01[1]/c02[1]/c03[40]/c04[3]/did/container[2],Buried,71-72
michbell.xml,Michigan Bell Telephone Company Photographs 1949-1983,/ead/archdesc/dsc/c01[1]/c02[1]/c03[39]/c04[1]/c05[2]/c06[7]/did/container[2],Sculpture-Alexander Calder stabile,62-63
michbell.xml,Michigan Bell Telephone Company Photographs 1949-1983,/ead/archdesc/dsc/c01[1]/c02[1]/c03[39]/c04[1]/c05[2]/c06[3]/did/container[2],"Construction views, etc.",53-58
michbell.xml,Michigan Bell Telephone Company Photographs 1949-1983,/ead/archdesc/dsc/c01[1]/c02[1]/c03[27]/did/container[2],Awards,31-33
michbell.xml,Michigan Bell Telephone Company Photographs 1949-1983,/ead/archdesc/dsc/c01[1]/c02[1]/c03[3]/did/container[2],Activities-Employees,6-7
michbell.xml,Michigan Bell Telephone Company Photographs 1949-1983,/ead/archdesc/dsc/c01[1]/c02[1]/c03[2]/did/container[2],Accounting personnel,2-5
mgleecl.xml,Men's Glee Club (University of Michigan) Records 1886-1994,/ead/archdesc/dsc/c01[5]/c02/did/container,Photos,5-6
mershon.xml,William B. Mershon Papers 1848-1943,/ead/archdesc/dsc/c01[1]/c02[2]/c03[17]/did/container[2],"Materials on fish habits, etc.",12-13
mershon.xml,William B. Mershon Papers 1848-1943,/ead/archdesc/dsc/c01[1]/c02[2]/c03[15]/did/container[2],Saginaw &amp; Manistee Lumber Company records,10-11
mershon.xml,William B. Mershon Papers 1848-1943,/ead/archdesc/dsc/c01[1]/c02[2]/c03[12]/did/container[2],"Personal correspondence, undated",4-7
likertr.xml,Rensis Likert papers 1929-1983,/ead/archdesc/dsc/c01[3]/c02[9]/c03[1]/did/container[2],Publications,1-4
likertr.xml,Rensis Likert papers 1929-1983,/ead/archdesc/dsc/c01[3]/c02[1]/c03[2]/c04[89]/did/container[2],Detroit People in Perspective: A Survey of Group Attitudes and Aspirations 10/28/1943,39-46
likertr.xml,Rensis Likert papers 1929-1983,/ead/archdesc/dsc/c01[2]/c02[3]/c03[21]/did/container[2],Papers concerning Agricultural Quiz Corner and other exhibit material,5-6
likertr.xml,Rensis Likert papers 1929-1983,/ead/archdesc/dsc/c01[2]/c02[3]/c03[20]/did/container[2],"Notebooks containing questionnaires, forms, memoranda (4 v.)",1-4
likertr.xml,Rensis Likert papers 1929-1983,/ead/archdesc/dsc/c01[2]/c02[3]/c03[19]/did/container[2],"Notebooks containing questionnaires, forms, memoranda (4 v.)",24-27
likertr.xml,Rensis Likert papers 1929-1983,/ead/archdesc/dsc/c01[2]/c02[3]/c03[18]/did/container[2],"Questionnaires, forms, memoranda",1-23
likertr.xml,Rensis Likert papers 1929-1983,/ead/archdesc/dsc/c01[2]/c02[3]/c03[16]/did/container[2],Miscellaneous,38-45
likertr.xml,Rensis Likert papers 1929-1983,/ead/archdesc/dsc/c01[2]/c02[3]/c03[10]/did/container[2],Food shortage and its Effect on West Coast Morale. Study 64,31-32
likertr.xml,Rensis Likert papers 1929-1983,/ead/archdesc/dsc/c01[2]/c02[3]/c03[8]/did/container[2],Wages and Wage Rates of Hired Farm Workers,28-29
likertr.xml,Rensis Likert papers 1929-1983,/ead/archdesc/dsc/c01[2]/c02[3]/c03[5]/did/container[2],An Exploration of Factors Affecting Farmers' Decisions Regarding Hogs. Study 135.,24-25
likertr.xml,Rensis Likert papers 1929-1983,/ead/archdesc/dsc/c01[2]/c02[3]/c03[1]/c04[1]/did/container[2],Study 15,15-17
likertr.xml,Rensis Likert papers 1929-1983,/ead/archdesc/dsc/c01[2]/c02[2]/c03[13]/c04[61]/did/container[2],"National Survey of Liquid Asset Holdings, Spending and Saving. Study 132. Background files 5/1946",2-6
likertr.xml,Rensis Likert papers 1929-1983,/ead/archdesc/dsc/c01[2]/c02[2]/c03[13]/c04[44]/did/container[2],Home Gardens and Home Preserving in 1945. Study 127. Background file 1/1946,24-25
likertr.xml,Rensis Likert papers 1929-1983,/ead/archdesc/dsc/c01[2]/c02[2]/c03[13]/c04[42]/did/container[2],Attitudes Toward FSA Tenant Purchase Program. Study 122. Background files 1/1946,21-22
likertr.xml,Rensis Likert papers 1929-1983,/ead/archdesc/dsc/c01[2]/c02[2]/c03[13]/c04[41]/did/container[2],Attitudes Toward FSA Tenant Purchase Program. Study 122 1/1946,19-20
likertr.xml,Rensis Likert papers 1929-1983,/ead/archdesc/dsc/c01[2]/c02[2]/c03[13]/c04[36]/did/container[2],Attitudes of Rural People Toward Radio Service. Study 123. Background files. Proceeding before F.C.C January 1946,10-15
likertr.xml,Rensis Likert papers 1929-1983,/ead/archdesc/dsc/c01[2]/c02[2]/c03[13]/c04[35]/did/container[2],Attitudes of Rural People Toward Radio Service. Study 123. Background files 11/1945,3-9
lacyaj.xml,Arthur J. Lacy Papers 1891-1975,/ead/archdesc/dsc/c01[10]/c02[2]/did/container[2], 1931-1970 ,308-313
lacyaj.xml,Arthur J. Lacy Papers 1891-1975,/ead/archdesc/dsc/c01[10]/c02[1]/did/container[2], Undated 1892-1930 ,295-307
lacyaj.xml,Arthur J. Lacy Papers 1891-1975,/ead/archdesc/dsc/c01[7]/c02[15]/did/container[2],Notes 1951-1958,261-272
lacyaj.xml,Arthur J. Lacy Papers 1891-1975,/ead/archdesc/dsc/c01[7]/c02[14]/did/container[2],Notes 1942-1950,249-260
lacyaj.xml,Arthur J. Lacy Papers 1891-1975,/ead/archdesc/dsc/c01[7]/c02[3]/did/container[2],"Essays undated, 1895-1957 (scattered dates)",239-245
lacyaj.xml,Arthur J. Lacy Papers 1891-1975,/ead/archdesc/dsc/c01[5]/c02[3]/did/container[2], 1901-1956 (scattered dates) ,217-226
lacyaj.xml,Arthur J. Lacy Papers 1891-1975,/ead/archdesc/dsc/c01[4]/c02[7]/did/container[2], 1907-1973 ,177-209
lacyaj.xml,Arthur J. Lacy Papers 1891-1975,/ead/archdesc/dsc/c01[4]/c02[5]/did/container[2], April 1906-December 1906 ,172-175
lacyaj.xml,Arthur J. Lacy Papers 1891-1975,/ead/archdesc/dsc/c01[4]/c02[4]/did/container[2],"Letters of Arthur Lacy to Beth Lacy November-December 1901, September 1904",168-171
lacyaj.xml,Arthur J. Lacy Papers 1891-1975,/ead/archdesc/dsc/c01[4]/c02[3]/did/container[2], 1876-1905 ,167-168
lacyaj.xml,Arthur J. Lacy Papers 1891-1975,/ead/archdesc/dsc/c01[3]/c02[13]/did/container[2], 1948-1974 ,137-164
lacyaj.xml,Arthur J. Lacy Papers 1891-1975,/ead/archdesc/dsc/c01[3]/c02[12]/did/container[2],Mary A. Rackham estate income tax liability case November 1948-1951,132-136
lacyaj.xml,Arthur J. Lacy Papers 1891-1975,/ead/archdesc/dsc/c01[3]/c02[11]/did/container[2], 1941-1947 ,121-131
lacyaj.xml,Arthur J. Lacy Papers 1891-1975,/ead/archdesc/dsc/c01[3]/c02[10]/did/container[2], July 1934-December 1940 ,109-120
lacyaj.xml,Arthur J. Lacy Papers 1891-1975,/ead/archdesc/dsc/c01[3]/c02[8]/did/container[2],"Letters urging Lacy to run for Governor, May-September 1934",102-107
lacyaj.xml,Arthur J. Lacy Papers 1891-1975,/ead/archdesc/dsc/c01[3]/c02[6]/did/container[2], 1925-May 1934 ,60-100
lacyaj.xml,Arthur J. Lacy Papers 1891-1975,/ead/archdesc/dsc/c01[3]/c02[4]/did/container[2], 1920-1924 ,54-58
lacyaj.xml,Arthur J. Lacy Papers 1891-1975,/ead/archdesc/dsc/c01[3]/c02[3]/did/container[2], 1915-1919 ,49-53
lacyaj.xml,Arthur J. Lacy Papers 1891-1975,/ead/archdesc/dsc/c01[3]/c02[1]/did/container[2], 1895-1914 ,34-47
lacyaj.xml,Arthur J. Lacy Papers 1891-1975,/ead/archdesc/dsc/c01[2]/c02[4]/did/container[2],Courtship letters between Arthur Lacy and Beth Garwick August 1896-December 1898,21-33
lacyaj.xml,Arthur J. Lacy Papers 1891-1975,/ead/archdesc/dsc/c01[2]/c02[3]/did/container[2],Letters written from the University of Michigan December 1896-May 1898,17-20
lacyaj.xml,Arthur J. Lacy Papers 1891-1975,/ead/archdesc/dsc/c01[2]/c02[2]/did/container[2],"Letters written from Northern Indiana Normal School undated, September 1894-May 1896",2-16
kelseymu.xml,Kelsey Museum of Archaeology papers 1890-1979,/ead/archdesc/dsc/c01[10]/c02[2]/c03[4]/c04[3]/did/container[2],Vouchers and receipts: I; II; III; IV 1973,1-4
kelseymu.xml,Kelsey Museum of Archaeology papers 1890-1979,/ead/archdesc/dsc/c01[10]/c02[1]/c03[9]/c04[6]/did/container[2],Metropolitan Museum --loan,18-19
kelseymu.xml,Kelsey Museum of Archaeology papers 1890-1979,/ead/archdesc/dsc/c01[9]/c02[3]/c03[2]/did/container[2],List of Objects,2-4
kelseymu.xml,Kelsey Museum of Archaeology papers 1890-1979,/ead/archdesc/dsc/c01[6]/c02[10]/c03[70]/did/container[2],Two receipt books from American Express undated,6-7
kelseymu.xml,Kelsey Museum of Archaeology papers 1890-1979,/ead/archdesc/dsc/c01[6]/c02[8]/c03[15]/c04[2]/did/container[2],III-IV undated,1-2
kelseymu.xml,Kelsey Museum of Archaeology papers 1890-1979,/ead/archdesc/dsc/c01[6]/c02[8]/c03[15]/c04[1]/did/container[2],I-II undated,3-4
kelseymu.xml,Kelsey Museum of Archaeology papers 1890-1979,/ead/archdesc/dsc/c01[6]/c02[8]/c03[14]/c04[14]/c05[1]/did/container[2],Italy Campagna Rome undated,5-6
kelseymu.xml,Kelsey Museum of Archaeology papers 1890-1979,/ead/archdesc/dsc/c01[6]/c02[8]/c03[13]/c04[6]/c05[1]/did/container[2],I-LXIX undated,1-8
kelseymu.xml,Kelsey Museum of Archaeology papers 1890-1979,/ead/archdesc/dsc/c01[6]/c02[8]/c03[11]/c04[2]/did/container[2],Miscellaneous material undated,2-3
kelseymu.xml,Kelsey Museum of Archaeology papers 1890-1979,/ead/archdesc/dsc/c01[6]/c02[8]/c03[9]/c04/did/container[2],Articles by George Swain 1925-1926,1-4
kelseymu.xml,Kelsey Museum of Archaeology papers 1890-1979,/ead/archdesc/dsc/c01[6]/c02[8]/c03[7]/c04[6]/did/container[2],Courses of study undated,1-3
kelseymu.xml,Kelsey Museum of Archaeology papers 1890-1979,/ead/archdesc/dsc/c01[6]/c02[8]/c03[7]/c04[4]/did/container[2],Miscellaneous material undated,4-5
kelseymu.xml,Kelsey Museum of Archaeology papers 1890-1979,/ead/archdesc/dsc/c01[6]/c02[8]/c03[6]/c04/did/container[2],Tomb of Tut-Ankh-Amen News items 1923,5-7
kelseymu.xml,Kelsey Museum of Archaeology papers 1890-1979,/ead/archdesc/dsc/c01[6]/c02[8]/c03[5]/c04[3]/did/container[2],Loose items undated,3-19
kelseymu.xml,Kelsey Museum of Archaeology papers 1890-1979,/ead/archdesc/dsc/c01[6]/c02[8]/c03[4]/c04[2]/did/container[2],Miscellaneous pamphlets undated,2-3
kelseymu.xml,Kelsey Museum of Archaeology papers 1890-1979,/ead/archdesc/dsc/c01[6]/c02[8]/c03[2]/c04[4]/c05[3]/did/container[2],Printed matter undated,23-31
kelseymu.xml,Kelsey Museum of Archaeology papers 1890-1979,/ead/archdesc/dsc/c01[6]/c02[8]/c03[2]/c04[4]/c05[2]/did/container[2],Post cards in books undated,11-22
kelseymu.xml,Kelsey Museum of Archaeology papers 1890-1979,/ead/archdesc/dsc/c01[6]/c02[8]/c03[2]/c04[3]/c05[2]/did/container[2],Printed matter undated,2-9
kelseymu.xml,Kelsey Museum of Archaeology papers 1890-1979,/ead/archdesc/dsc/c01[6]/c02[8]/c03[1]/c04/did/container[2],"Loose, miscellaneous items undated",1-2
kelseymu.xml,Kelsey Museum of Archaeology papers 1890-1979,/ead/archdesc/dsc/c01[6]/c02[7]/c03[1]/c04[3]/did/container[2],Book II: Chapters 2-19 undated,3-20
kelseymu.xml,Kelsey Museum of Archaeology papers 1890-1979,/ead/archdesc/dsc/c01[6]/c02[6]/c03[19]/c04[11]/did/container[2],Loose plates and photos undated,11-12
kelseymu.xml,Kelsey Museum of Archaeology papers 1890-1979,/ead/archdesc/dsc/c01[6]/c02[6]/c03[12]/did/container[2],"Marsh, Edward C. 1913-1919",2-5
kelseymu.xml,Kelsey Museum of Archaeology papers 1890-1979,/ead/archdesc/dsc/c01[6]/c02[5]/c03[3]/c04[1]/c05[2]/did/container[2], 1921-1927 ,2-4
kelseymu.xml,Kelsey Museum of Archaeology papers 1890-1979,/ead/archdesc/dsc/c01[6]/c02[5]/c03[2]/c04[2]/c05[1]/c06[10]/did/container[2],Photographs undated,4-6
kelseymu.xml,Kelsey Museum of Archaeology papers 1890-1979,/ead/archdesc/dsc/c01[6]/c02[5]/c03[1]/c04[1]/c05/c06[2]/did/container[2], 1914-1919 ,1-9
kelseymu.xml,Kelsey Museum of Archaeology papers 1890-1979,/ead/archdesc/dsc/c01[6]/c02[5]/c03[1]/c04[1]/c05/c06[1]/did/container[2], 1907-1913 ,1-8
kelseymu.xml,Kelsey Museum of Archaeology papers 1890-1979,/ead/archdesc/dsc/c01[6]/c02[4]/c03[2]/c04[14]/c05[4]/c06[2]/did/container[2], 1916-1917 ,2-3
kelseymu.xml,Kelsey Museum of Archaeology papers 1890-1979,/ead/archdesc/dsc/c01[6]/c02[4]/c03[2]/c04[14]/c05[2]/did/container[2],"Burton, Marion L. 1920-1925",4-8
kelseymu.xml,Kelsey Museum of Archaeology papers 1890-1979,/ead/archdesc/dsc/c01[6]/c02[4]/c03[2]/c04[7]/c05[15]/did/container[2],U/M Financial Report 1917-1918,6-7
kelseymu.xml,Kelsey Museum of Archaeology papers 1890-1979,/ead/archdesc/dsc/c01[6]/c02[4]/c03[2]/c04[7]/c05[9]/did/container[2],Questionnaires 1922,7-8
kelseymu.xml,Kelsey Museum of Archaeology papers 1890-1979,/ead/archdesc/dsc/c01[6]/c02[4]/c03[1]/c04[1]/c05[1]/did/container[2],"A.I.A. Bulletins 1913, 1921-1926",1-10
kelseymu.xml,Kelsey Museum of Archaeology papers 1890-1979,/ead/archdesc/dsc/c01[5]/c02[5]/c03[3]/c04[3]/c05[4]/c06[3]/did/container[2],Emotions.,3-4
kelseymu.xml,Kelsey Museum of Archaeology papers 1890-1979,/ead/archdesc/dsc/c01[5]/c02[5]/c03[3]/c04[3]/c05[1]/c06[18]/did/container[2],"Notes taken in reading for ""Roman Morals.""",1-2
kelseymu.xml,Kelsey Museum of Archaeology papers 1890-1979,/ead/archdesc/dsc/c01[5]/c02[5]/c03[3]/c04[3]/c05[1]/c06[8]/did/container[2],"Misc. notes. Reading for ""Roman Morals.""",10-16
kelseymu.xml,Kelsey Museum of Archaeology papers 1890-1979,/ead/archdesc/dsc/c01[5]/c02[5]/c03[3]/c04[3]/c05[1]/c06[6]/did/container[2],Misc. reading references.,7-8
kelseymu.xml,Kelsey Museum of Archaeology papers 1890-1979,/ead/archdesc/dsc/c01[5]/c02[5]/c03[3]/c04[3]/c05[1]/c06[5]/did/container[2],"Notes taken in reading for ""Roman Morals.""",5-6
kelseymu.xml,Kelsey Museum of Archaeology papers 1890-1979,/ead/archdesc/dsc/c01[4]/c02/c03[42]/did/container[2],"Karanis. Near East Research. Kelsey, etc. papyri 1925-1926",10-11
kelseymu.xml,Kelsey Museum of Archaeology papers 1890-1979,/ead/archdesc/dsc/c01[1]/c02[2]/c03[11]/did/container[2],Photos of fragments,11-12
kahnalb.xml,Albert Kahn papers 1896-2014,/ead/archdesc/dsc/c01[5]/c02[4]/c03/did/container,"Furniture and Draperies by W. &amp; J. Sloane, New York (Books I &amp; II)",10-11
kahnalb.xml,Albert Kahn papers 1896-2014,/ead/archdesc/dsc/c01[5]/c02[3]/c03/did/container,Furniture (Books I &amp; II),12-13
ismrrd.xml,Institute for the Study of Mental Retardation and Related Disabilities (University of Michigan) records 1963-1983,/ead/archdesc/dsc/c01[3]/c02[36]/did/container,Publications,47-48
ismrrd.xml,Institute for the Study of Mental Retardation and Related Disabilities (University of Michigan) records 1963-1983,/ead/archdesc/dsc/c01[3]/c02[27]/did/container, 1982/83 ,44-45
ismrrd.xml,Institute for the Study of Mental Retardation and Related Disabilities (University of Michigan) records 1963-1983,/ead/archdesc/dsc/c01[3]/c02[26]/did/container, 1982 ,41-44
ismrrd.xml,Institute for the Study of Mental Retardation and Related Disabilities (University of Michigan) records 1963-1983,/ead/archdesc/dsc/c01[3]/c02[24]/did/container, 1981 ,40-41
ismrrd.xml,Institute for the Study of Mental Retardation and Related Disabilities (University of Michigan) records 1963-1983,/ead/archdesc/dsc/c01[3]/c02[22]/did/container, 1980 ,36-39
ismrrd.xml,Institute for the Study of Mental Retardation and Related Disabilities (University of Michigan) records 1963-1983,/ead/archdesc/dsc/c01[3]/c02[19]/did/container, 1978/79 ,33-35
ismrrd.xml,Institute for the Study of Mental Retardation and Related Disabilities (University of Michigan) records 1963-1983,/ead/archdesc/dsc/c01[3]/c02[18]/did/container, 1978 ,32-33
ismrrd.xml,Institute for the Study of Mental Retardation and Related Disabilities (University of Michigan) records 1963-1983,/ead/archdesc/dsc/c01[3]/c02[17]/did/container, 1977/78 ,31-32
ismrrd.xml,Institute for the Study of Mental Retardation and Related Disabilities (University of Michigan) records 1963-1983,/ead/archdesc/dsc/c01[3]/c02[16]/did/container, 1977 ,28-31
ismrrd.xml,Institute for the Study of Mental Retardation and Related Disabilities (University of Michigan) records 1963-1983,/ead/archdesc/dsc/c01[3]/c02[14]/did/container, 1976 ,27-28
ismrrd.xml,Institute for the Study of Mental Retardation and Related Disabilities (University of Michigan) records 1963-1983,/ead/archdesc/dsc/c01[3]/c02[13]/did/container, 1975/76 ,26-27
ismrrd.xml,Institute for the Study of Mental Retardation and Related Disabilities (University of Michigan) records 1963-1983,/ead/archdesc/dsc/c01[3]/c02[11]/did/container, 1974/75 ,24-26
ismrrd.xml,Institute for the Study of Mental Retardation and Related Disabilities (University of Michigan) records 1963-1983,/ead/archdesc/dsc/c01[3]/c02[10]/did/container, 1974 ,23-24
ismrrd.xml,Institute for the Study of Mental Retardation and Related Disabilities (University of Michigan) records 1963-1983,/ead/archdesc/dsc/c01[3]/c02[8]/did/container, 1973 ,21-22
ismrrd.xml,Institute for the Study of Mental Retardation and Related Disabilities (University of Michigan) records 1963-1983,/ead/archdesc/dsc/c01[3]/c02[7]/did/container, 1972/73 ,20-21
ismrrd.xml,Institute for the Study of Mental Retardation and Related Disabilities (University of Michigan) records 1963-1983,/ead/archdesc/dsc/c01[2]/c02[32]/did/container,Maternal and Child Health,12-14
ismrrd.xml,Institute for the Study of Mental Retardation and Related Disabilities (University of Michigan) records 1963-1983,/ead/archdesc/dsc/c01[2]/c02[12]/did/container,Early Intervention,10-11
ismrrd.xml,Institute for the Study of Mental Retardation and Related Disabilities (University of Michigan) records 1963-1983,/ead/archdesc/dsc/c01[2]/c02[10]/did/container,Developmental Disabilities Office (DDO),9-10
iogt.xml,International Organization of Good Templars records 1855-1970,/ead/archdesc/dsc/c01[5]/c02[1]/did/container,Temperance books and pamphlets 1865-1963,18-19
iogeront.xml,Institute of Gerontology (University of Michigan) Records 1948-1987,/ead/archdesc/dsc/c01[15]/c02[6]/did/container,"Institute of Gerontology collection of speeches, conferences, training sessions",23-24
interloc.xml,"Interlochen Center for The Arts records 1927-2003, 1935-1994",/ead/archdesc/dsc/c01[9]/c02[1]/did/container,Community and School Bands,76-77
hubbardl.xml,Lucius L. Hubbard papers 1871-1935,/ead/archdesc/dsc/c01[3]/c02[19]/did/container[2],General reports of the Copper Range Co. 1899-1903,72-73
hubbardl.xml,Lucius L. Hubbard papers 1871-1935,/ead/archdesc/dsc/c01[3]/c02[18]/did/container[2],"Reports and notes of the Champion Copper Company 1900-1905, 1923 undated",67-71
hubbardl.xml,Lucius L. Hubbard papers 1871-1935,/ead/archdesc/dsc/c01[3]/c02[17]/did/container[2],"Reports and notes of the Houghton Copper Company 1910-1913, undated",64-66
hubbardl.xml,Lucius L. Hubbard papers 1871-1935,/ead/archdesc/dsc/c01[3]/c02[15]/did/container[2],"Reports and notes of the Seneca Copper Corporation 1920-1921, undated",61-62
hubbardl.xml,Lucius L. Hubbard papers 1871-1935,/ead/archdesc/dsc/c01[3]/c02[13]/c03[10]/did/container[2],"Miscellaneous manuscript maps, often not identified",53-57
hubbardl.xml,Lucius L. Hubbard papers 1871-1935,/ead/archdesc/dsc/c01[3]/c02[13]/c03[8]/did/container[2],Maps of the State of Maine,50-51
hubbardl.xml,Lucius L. Hubbard papers 1871-1935,/ead/archdesc/dsc/c01[3]/c02[12]/did/container[2],"Progress reports of Longyear and Hodge, Mining Engineers September 1909-January 1911",41-45
hubbardl.xml,Lucius L. Hubbard papers 1871-1935,/ead/archdesc/dsc/c01[1]/c02[3]/did/container[2], 1929-1935 undated ,1-11
hrecsurv.xml,Michigan Historical Records Survey records 1936-1942,/ead/archdesc/dsc/c01[9]/c02[7]/did/container,Grand Rapids 1838-1873,22-24
hrecsurv.xml,Michigan Historical Records Survey records 1936-1942,/ead/archdesc/dsc/c01[8]/c02[29]/did/container,Kent County 1845-1888,13-14
hrecsurv.xml,Michigan Historical Records Survey records 1936-1942,/ead/archdesc/dsc/c01[8]/c02[26]/did/container,Jackson County 1837-1885,11-12
hrecsurv.xml,Michigan Historical Records Survey records 1936-1942,/ead/archdesc/dsc/c01[8]/c02[18]/did/container,Gladwin County,8-10
hrecsurv.xml,Michigan Historical Records Survey records 1936-1942,/ead/archdesc/dsc/c01[8]/c02[17]/did/container,Genesee County 1836-1895,8-9
hrecsurv.xml,Michigan Historical Records Survey records 1936-1942,/ead/archdesc/dsc/c01[8]/c02[14]/did/container,"Clare County 1871-1925, 1940",5-6
hrecsurv.xml,Michigan Historical Records Survey records 1936-1942,/ead/archdesc/dsc/c01[8]/c02[8]/did/container,Berrien County 1832-1941,3-5
hrecsurv.xml,Michigan Historical Records Survey records 1936-1942,/ead/archdesc/dsc/c01[8]/c02[7]/did/container,Benzie County 1869-1920,2-3
hrecsurv.xml,Michigan Historical Records Survey records 1936-1942,/ead/archdesc/dsc/c01[8]/c02[3]/did/container,"Alpena County 1871-1919, 1937",1-2
hartphil.xml,"Philip A. Hart papers 1949-1976, 1959-1976",/ead/archdesc/dsc/c01[9]/c02[2]/did/container,Microfiche of selective portions of the Hart papers,265-266
hartphil.xml,"Philip A. Hart papers 1949-1976, 1959-1976",/ead/archdesc/dsc/c01[8]/c02[2]/did/container,1970 campaign,260-263
hartphil.xml,"Philip A. Hart papers 1949-1976, 1959-1976",/ead/archdesc/dsc/c01[6]/c02[8]/did/container, 1965 ,241-243
hartphil.xml,"Philip A. Hart papers 1949-1976, 1959-1976",/ead/archdesc/dsc/c01[6]/c02[7]/did/container, 1964 ,238-241
hartphil.xml,"Philip A. Hart papers 1949-1976, 1959-1976",/ead/archdesc/dsc/c01[6]/c02[5]/did/container, 1962 ,237-238
hartphil.xml,"Philip A. Hart papers 1949-1976, 1959-1976",/ead/archdesc/dsc/c01[6]/c02[4]/did/container, 1961 ,234-236
hartphil.xml,"Philip A. Hart papers 1949-1976, 1959-1976",/ead/archdesc/dsc/c01[6]/c02[1]/did/container, 1958-1959 ,231-232
hartphil.xml,"Philip A. Hart papers 1949-1976, 1959-1976",/ead/archdesc/dsc/c01[4]/c02[2]/c03[3]/did/container, Undated ,111-112
harrisgb.xml,G. B. Harrison Papers 1910-1981,/ead/archdesc/dsc/c01[6]/c02[3]/did/container,Research material,1-18
granholm.xml,"Jennifer Granholm papers 1992-2010, 2003-2010",/ead/archdesc/dsc/c01[12]/c02[5]/did/container,4 framed awards and certificates of Daniel Mulhern and 3 framed awards and certificates of Governor Granholm,1-7
granholm.xml,"Jennifer Granholm papers 1992-2010, 2003-2010",/ead/archdesc/dsc/c01[12]/c02[2]/did/container,"Awards, certificates, and gifts from constituents related to First Gentleman Mulhern&#8217;s achievements and public activities",224-225
gmwill.xml,"G. Mennen Williams papers 1883-1988, 1958-1980",/ead/archdesc/dsc/c01[1]/c02[5]/c03[9]/c04[14]/did/container,[Box Nos. eliminated],695-700
gmwill.xml,"G. Mennen Williams papers 1883-1988, 1958-1980",/ead/archdesc/dsc/c01[1]/c02[5]/c03[9]/c04[13]/did/container, 1960 ,689-694
gmwill.xml,"G. Mennen Williams papers 1883-1988, 1958-1980",/ead/archdesc/dsc/c01[1]/c02[5]/c03[9]/c04[12]/did/container,[Box Nos. eliminated],681-688
gmwill.xml,"G. Mennen Williams papers 1883-1988, 1958-1980",/ead/archdesc/dsc/c01[1]/c02[5]/c03[9]/c04[11]/did/container, 1959 ,676-680
gmwill.xml,"G. Mennen Williams papers 1883-1988, 1958-1980",/ead/archdesc/dsc/c01[1]/c02[5]/c03[9]/c04[10]/did/container, 1958 ,669-675
gmwill.xml,"G. Mennen Williams papers 1883-1988, 1958-1980",/ead/archdesc/dsc/c01[1]/c02[5]/c03[9]/c04[9]/did/container, 1957 ,664-668
gmwill.xml,"G. Mennen Williams papers 1883-1988, 1958-1980",/ead/archdesc/dsc/c01[1]/c02[5]/c03[9]/c04[8]/did/container, 1956 ,659-663
gmwill.xml,"G. Mennen Williams papers 1883-1988, 1958-1980",/ead/archdesc/dsc/c01[1]/c02[5]/c03[9]/c04[7]/did/container, 1955 ,655-658
gmwill.xml,"G. Mennen Williams papers 1883-1988, 1958-1980",/ead/archdesc/dsc/c01[1]/c02[5]/c03[9]/c04[6]/did/container, 1954 ,650-654
gmwill.xml,"G. Mennen Williams papers 1883-1988, 1958-1980",/ead/archdesc/dsc/c01[1]/c02[5]/c03[9]/c04[5]/did/container, 1953 ,647-649
gmwill.xml,"G. Mennen Williams papers 1883-1988, 1958-1980",/ead/archdesc/dsc/c01[1]/c02[5]/c03[9]/c04[4]/did/container, 1952 ,642-646
gmwill.xml,"G. Mennen Williams papers 1883-1988, 1958-1980",/ead/archdesc/dsc/c01[1]/c02[5]/c03[9]/c04[3]/did/container, 1951 ,638-641
gmwill.xml,"G. Mennen Williams papers 1883-1988, 1958-1980",/ead/archdesc/dsc/c01[1]/c02[5]/c03[9]/c04[2]/did/container, 1950 ,636-637
gmwill.xml,"G. Mennen Williams papers 1883-1988, 1958-1980",/ead/archdesc/dsc/c01[1]/c02[5]/c03[9]/c04[1]/did/container, 1949 ,634-635
gmwill.xml,"G. Mennen Williams papers 1883-1988, 1958-1980",/ead/archdesc/dsc/c01[1]/c02[5]/c03[8]/c04[2]/did/container,Personal Financial Records,627-633
gmwill.xml,"G. Mennen Williams papers 1883-1988, 1958-1980",/ead/archdesc/dsc/c01[1]/c02[5]/c03[8]/c04[1]/did/container,Executive Office Financial Records,624-626
gmwill.xml,"G. Mennen Williams papers 1883-1988, 1958-1980",/ead/archdesc/dsc/c01[1]/c02[5]/c03[7]/c04/did/container,Programs,616-623
gmwill.xml,"G. Mennen Williams papers 1883-1988, 1958-1980",/ead/archdesc/dsc/c01[1]/c02[5]/c03[6]/c04/did/container,Papers,610-615
gmwill.xml,"G. Mennen Williams papers 1883-1988, 1958-1980",/ead/archdesc/dsc/c01[1]/c02[5]/c03[4]/c04[9]/did/container, 1958 ,592-593
gmwill.xml,"G. Mennen Williams papers 1883-1988, 1958-1980",/ead/archdesc/dsc/c01[1]/c02[5]/c03[4]/c04[8]/did/container, 1957 ,590-591
gmwill.xml,"G. Mennen Williams papers 1883-1988, 1958-1980",/ead/archdesc/dsc/c01[1]/c02[5]/c03[4]/c04[7]/did/container, 1956 ,588-589
gmwill.xml,"G. Mennen Williams papers 1883-1988, 1958-1980",/ead/archdesc/dsc/c01[1]/c02[5]/c03[4]/c04[6]/did/container, 1955 ,587-588
gmwill.xml,"G. Mennen Williams papers 1883-1988, 1958-1980",/ead/archdesc/dsc/c01[1]/c02[5]/c03[2]/c04[5]/did/container, 1957-1958 ,574-578
gmwill.xml,"G. Mennen Williams papers 1883-1988, 1958-1980",/ead/archdesc/dsc/c01[1]/c02[5]/c03[2]/c04[4]/did/container, 1955-1956 ,570-574
gmwill.xml,"G. Mennen Williams papers 1883-1988, 1958-1980",/ead/archdesc/dsc/c01[1]/c02[5]/c03[2]/c04[3]/did/container, 1953-1954 ,566-570
gmwill.xml,"G. Mennen Williams papers 1883-1988, 1958-1980",/ead/archdesc/dsc/c01[1]/c02[5]/c03[2]/c04[2]/did/container, 1951-1952 ,561-565
gmwill.xml,"G. Mennen Williams papers 1883-1988, 1958-1980",/ead/archdesc/dsc/c01[1]/c02[5]/c03[2]/c04[1]/did/container, 1949-1950 ,558-561
gmwill.xml,"G. Mennen Williams papers 1883-1988, 1958-1980",/ead/archdesc/dsc/c01[1]/c02[4]/c03[3]/c04/did/container, 1951-1961 ,505-507
gmwill.xml,"G. Mennen Williams papers 1883-1988, 1958-1980",/ead/archdesc/dsc/c01[1]/c02[2]/c03[5]/c04[2]/c05/did/container, November 1960-January 1961 ,420-421
gmwill.xml,"G. Mennen Williams papers 1883-1988, 1958-1980",/ead/archdesc/dsc/c01[1]/c02[1]/c03[12]/c04[5]/c05/did/container,re Civil Defense,389-390
gmwill.xml,"G. Mennen Williams papers 1883-1988, 1958-1980",/ead/archdesc/dsc/c01[1]/c02[1]/c03[12]/c04[3]/c05[2]/c06[3]/did/container,[box numbers eliminated during the 1983-1984 reprocessing of the Williams Collection],369-371
gmwill.xml,"G. Mennen Williams papers 1883-1988, 1958-1980",/ead/archdesc/dsc/c01[1]/c02[1]/c03[11]/c04[3]/c05/c06[9]/c07[2]/c08[2]/did/container,[box numbers eliminated during the 1983-1984 reprocessing of the Williams Collection],355-360
gjelsnrh.xml,Rudolph H. Gjelsness papers circa 1919-1968,/ead/archdesc/dsc/c01[11]/c02[3]/did/container[2],"Proceedings of the Institute on Catalog Code Revision, Montreal 1960",9-13
gjelsnrh.xml,Rudolph H. Gjelsness papers circa 1919-1968,/ead/archdesc/dsc/c01[11]/c02[2]/did/container[2],Comments,3-8
gjelsnrh.xml,Rudolph H. Gjelsness papers circa 1919-1968,/ead/archdesc/dsc/c01[10]/c02[3]/c03[2]/did/container[2],Johann Falkberget,41-43
gjelsnrh.xml,Rudolph H. Gjelsness papers circa 1919-1968,/ead/archdesc/dsc/c01[10]/c02[3]/c03[1]/did/container[2],Bj&#246;rnsterne Bj&#246;rnson,39-40
gjelsnrh.xml,Rudolph H. Gjelsness papers circa 1919-1968,/ead/archdesc/dsc/c01[10]/c02[2]/did/container[2],Publications,37-38
gjelsnrh.xml,Rudolph H. Gjelsness papers circa 1919-1968,/ead/archdesc/dsc/c01[10]/c02[1]/did/container[2],"Manuscripts, unpublished",34-36
gjelsnrh.xml,Rudolph H. Gjelsness papers circa 1919-1968,/ead/archdesc/dsc/c01[6]/c02[1]/c03[1]/did/container[2], Undated ,1-3
gjelsnrh.xml,Rudolph H. Gjelsness papers circa 1919-1968,/ead/archdesc/dsc/c01[5]/c02[47]/did/container[2],Transliteration,50-52
gjelsnrh.xml,Rudolph H. Gjelsness papers circa 1919-1968,/ead/archdesc/dsc/c01[5]/c02[44]/did/container[2],Societies and Institutions,46-47
gjelsnrh.xml,Rudolph H. Gjelsness papers circa 1919-1968,/ead/archdesc/dsc/c01[3]/c02[2]/c03[2]/did/container[2],Miscellaneous papers,9-11
gjelsnrh.xml,Rudolph H. Gjelsness papers circa 1919-1968,/ead/archdesc/dsc/c01[3]/c02[1]/did/container[2],Biographical data,1-2
gjelsnrh.xml,Rudolph H. Gjelsness papers circa 1919-1968,/ead/archdesc/dsc/c01[2]/c02/c03[7]/did/container[2], 1916 ,37-38
gjelsnrh.xml,Rudolph H. Gjelsness papers circa 1919-1968,/ead/archdesc/dsc/c01[1]/c02/c03[1]/did/container[2], Undated ,1-4
fprespon.xml,"First Presbyterian Church (Pontiac, Mich.) records 1824-1995",/ead/archdesc/dsc/c01[5]/c02[6]/did/container,Ledgers with contributions of members,2-15
fordwd.xml,"William D. Ford papers 1955-1995, 1965-1995",/ead/archdesc/dsc/c01[3]/c02[1]/c03[1]/c04[4]/did/container, 1975-1976 ,95-96
fordwd.xml,"William D. Ford papers 1955-1995, 1965-1995",/ead/archdesc/dsc/c01[3]/c02[1]/c03[1]/c04[3]/did/container, 1973-1974 ,151-152
finopum.xml,"Financial Operations (University of Michigan) records 1837-2004, 1915-1990",/ead/archdesc/dsc/c01[4]/c02[5]/c03[1]/did/container,Journals 1926-1947,20-21
finopum.xml,"Financial Operations (University of Michigan) records 1837-2004, 1915-1990",/ead/archdesc/dsc/c01[2]/c02[6]/did/container,Journals 1923-1946,43-45
finopum.xml,"Financial Operations (University of Michigan) records 1837-2004, 1915-1990",/ead/archdesc/dsc/c01[2]/c02[5]/did/container,Receipt Registers 1932-1948,39-42
finopum.xml,"Financial Operations (University of Michigan) records 1837-2004, 1915-1990",/ead/archdesc/dsc/c01[2]/c02[4]/did/container,Securities Records circa 1920-1950,35-38
finopum.xml,"Financial Operations (University of Michigan) records 1837-2004, 1915-1990",/ead/archdesc/dsc/c01[2]/c02[3]/did/container,Ledgers circa 1920-1945,28-34
finopum.xml,"Financial Operations (University of Michigan) records 1837-2004, 1915-1990",/ead/archdesc/dsc/c01[1]/c02[2]/c03[2]/c04[1]/did/container,Journals 1890-1912,17-18
fineresr.xml,Sidney Fine collected research materials circa 1900-1970s,/ead/archdesc/dsc/c01/c02[14]/did/container,Collected material relating to his research on Walter Drew,7-13
fineresr.xml,Sidney Fine collected research materials circa 1900-1970s,/ead/archdesc/dsc/c01/c02[13]/did/container,Collected materials used in his research on the Detroit Riot of 1967,3-6
extserv.xml,"Extension Service (University of Michigan), records 1911-1999",/ead/archdesc/dsc/c01[2]/c02[4]/did/container,Personnel Files,46-49
esmwartr.xml,Engineering Science and Management War Training Program (University of Michigan) records 1940-1945,/ead/archdesc/dsc/c01[2]/c02[3]/c03[3]/did/container, 1944-1945 ,18-20
esmwartr.xml,Engineering Science and Management War Training Program (University of Michigan) records 1940-1945,/ead/archdesc/dsc/c01[2]/c02[3]/c03[2]/did/container, 1943-1944 ,14-17
esmwartr.xml,Engineering Science and Management War Training Program (University of Michigan) records 1940-1945,/ead/archdesc/dsc/c01[2]/c02[3]/c03[1]/did/container, 1942-1943 ,8-13
esmwartr.xml,Engineering Science and Management War Training Program (University of Michigan) records 1940-1945,/ead/archdesc/dsc/c01[2]/c02[2]/did/container,Engineering Science and Management Defense Training Program 1941-1942,4-7
esmwartr.xml,Engineering Science and Management War Training Program (University of Michigan) records 1940-1945,/ead/archdesc/dsc/c01[2]/c02[1]/did/container,Engineering Training Program 1940-1941,2-3
esgeorge.xml,"Edwin S. George Reserve (Mich.) records 1924-2013, 1941-1995",/ead/archdesc/dsc/c01[6]/c02[10]/c03[5]/did/container[2],USDA Aerial Photographs 1940-1970,5-7
episwest.xml,"Episcopal Church, Diocese of Western Michigan records 1851-2011",/ead/archdesc/dsc/c01[15]/c02[6]/did/container,Diocesan Scrapbooks 1969-1987,17-18
episwest.xml,"Episcopal Church, Diocese of Western Michigan records 1851-2011",/ead/archdesc/dsc/c01[1]/c02[1]/c03/did/container,Record Books 1875-1908,1-5
duncant.xml,"Todd Duncan papers 1912-1998, 1935-1973",/ead/archdesc/dsc/c01[11]/did/container,Oversize Material,11-12
dsigmad.xml,Delta Sigma Delta records 1882-1982,/ead/archdesc/dsc/c01[7]/c02[2]/did/container,Plaques 1954-1975,7-8
drewwalt.xml,Walter Drew Papers 1900-1961,/ead/archdesc/dsc/c01[5]/c02/did/container,Originals of microfilmed papers,1-36
drda.xml,Division of Research Development and Administration (University of Michigan) records 1919-1996,/ead/archdesc/dsc/c01[11]/c02/did/container,Microfilm of grant files,26-30
dpgmedp.xml,Department of Postgraduate Medicine and Health Professions Education (University of Michigan) publications 1928-1995,/ead/archdesc/dsc/c01[4]/c02[25]/did/container, 1997 ,28-29
dpgmedp.xml,Department of Postgraduate Medicine and Health Professions Education (University of Michigan) publications 1928-1995,/ead/archdesc/dsc/c01[4]/c02[23]/did/container, 1995 ,25-26
dpgmedp.xml,Department of Postgraduate Medicine and Health Professions Education (University of Michigan) publications 1928-1995,/ead/archdesc/dsc/c01[4]/c02[15]/did/container, 1983 ,16-17
dpgmedp.xml,Department of Postgraduate Medicine and Health Professions Education (University of Michigan) publications 1928-1995,/ead/archdesc/dsc/c01[4]/c02[14]/did/container, 1982 ,14-15
darmich.xml,Daughters of the American Revolution of Michigan records 1893-2014,/ead/archdesc/dsc/c01[5]/c02[6]/did/container,Research and topical files of State Historian,18-19
cranehh.xml,"Henry Hitt Crane Papers 1902-1977, 1938-1964",/ead/archdesc/dsc/c01[4]/c02[6]/did/container,Sound recordings of sermons and other speeches,27-29
classalb.xml,University of Michigan Class Albums 1861-1887,/ead/archdesc/dsc/c01[39]/c02[6]/c03/did/container,Unidentified,35-37
cacioppo.xml,George Cacioppo papers 1939-1985,/ead/archdesc/dsc/c01[2]/c02[2]/did/container,Individual unidentified sketches,10-11
cacioppo.xml,George Cacioppo papers 1939-1985,/ead/archdesc/dsc/c01[2]/c02[1]/did/container,Sketchbooks,8-9
busadmin.xml,Ross School of Business (University of Michigan) records 1916-2013,/ead/archdesc/dsc/c01[4]/c02[6]/c03[10]/did/container,[Boxes 96-99 were eliminated during 1994 reprocessing.],96-99
boyneusa.xml,"Boyne USA Resorts records 1935-2005, 1950s-2002",/ead/archdesc/dsc/c01[12]/c02[1]/did/container,"Storeroom inventory of alcohol: beer, wine, liquor 1981-1987",12-14
boyneusa.xml,"Boyne USA Resorts records 1935-2005, 1950s-2002",/ead/archdesc/dsc/c01[4]/c02[1]/c03[21]/did/container,Albums of snapshots of golfing events and golfing personalities 1980s,17-18
boyneusa.xml,"Boyne USA Resorts records 1935-2005, 1950s-2002",/ead/archdesc/dsc/c01[2]/c02[13]/did/container,"Skiing and golfing magazines, most containing articles or advertisements from Boyne USA",3-4
bolcom.xml,William Bolcom and Joan Morris papers 1960-2012,/ead/archdesc/dsc/c01[3]/c02[118]/did/container,Canciones de Lorca 2006,46-47
bolcom.xml,William Bolcom and Joan Morris papers 1960-2012,/ead/archdesc/dsc/c01[3]/c02[90]/did/container,"A Wedding, Act II",33-36
bolcom.xml,William Bolcom and Joan Morris papers 1960-2012,/ead/archdesc/dsc/c01[3]/c02[23]/did/container,Songs of Innocence and of Experience,12-18
bolcom.xml,William Bolcom and Joan Morris papers 1960-2012,/ead/archdesc/dsc/c01[3]/c02[16]/c03[2]/did/container,Printed scores (outsize),9-11
bolcom.xml,William Bolcom and Joan Morris papers 1960-2012,/ead/archdesc/dsc/c01[3]/c02[15]/c03[1]/did/container,Manuscript and printed scores,20-21
bolcom.xml,William Bolcom and Joan Morris papers 1960-2012,/ead/archdesc/dsc/c01[3]/c02[14]/c03[2]/did/container,Printed scores (outsize),1-7
bolcom.xml,William Bolcom and Joan Morris papers 1960-2012,/ead/archdesc/dsc/c01[3]/c02[14]/c03[1]/did/container,Manuscript and printed scores,18-19
bolcom.xml,William Bolcom and Joan Morris papers 1960-2012,/ead/archdesc/dsc/c01[1]/c02[33]/did/container,Financial 1998,16-17
blanchjj.xml,James J. Blanchard Papers 1982-2002,/ead/archdesc/dsc/c01[15]/c02[2]/c03[2]/did/container,"Gubernatorial, political, and career as US Ambassador to Canada",341-344
blanchjj.xml,James J. Blanchard Papers 1982-2002,/ead/archdesc/dsc/c01[15]/c02[2]/c03[1]/did/container,Gubernatorial and post-gubernatorial photographs and albums,307-309
blanchjj.xml,James J. Blanchard Papers 1982-2002,/ead/archdesc/dsc/c01[15]/c02[1]/c03[5]/did/container,2002 gubernatorial primary campaign,302-306
blanchjj.xml,James J. Blanchard Papers 1982-2002,/ead/archdesc/dsc/c01[15]/c02[1]/c03[4]/did/container,Post-gubernatorial activities (include period as ambassador to Canada),300-301
blanchjj.xml,James J. Blanchard Papers 1982-2002,/ead/archdesc/dsc/c01[15]/c02[1]/c03[3]/did/container,1990 gubernatorial campaign,297-299
blanchjj.xml,James J. Blanchard Papers 1982-2002,/ead/archdesc/dsc/c01[15]/c02[1]/c03[2]/did/container,"Gubernatorial speeches, appearances, and related",290-296
blanchjj.xml,James J. Blanchard Papers 1982-2002,/ead/archdesc/dsc/c01[15]/c02[1]/c03[1]/did/container,Blanchard for Governor television spots 1982,288-289
blanchjj.xml,James J. Blanchard Papers 1982-2002,/ead/archdesc/dsc/c01[14]/c02[14]/c03[3]/did/container,Notebooks of clippings (issues and candidates),285-286
blanchjj.xml,James J. Blanchard Papers 1982-2002,/ead/archdesc/dsc/c01[14]/c02[10]/did/container,Ambassador to Canada,338-339
blanchjj.xml,James J. Blanchard Papers 1982-2002,/ead/archdesc/dsc/c01[14]/c02[9]/did/container,Ambassador to Canada,280-281
blanchjj.xml,James J. Blanchard Papers 1982-2002,/ead/archdesc/dsc/c01[13]/c02[15]/did/container,Appointments to state boards and commissions,275-276
blanchjj.xml,James J. Blanchard Papers 1982-2002,/ead/archdesc/dsc/c01[12]/c02[3]/c03[7]/c04[2]/did/container,Statements and proposed platform recommendations,331-332
blanchjj.xml,James J. Blanchard Papers 1982-2002,/ead/archdesc/dsc/c01[12]/c02[2]/c03[3]/c04[5]/did/container,Unprocessed/unlisted,267-268
blanchjj.xml,James J. Blanchard Papers 1982-2002,/ead/archdesc/dsc/c01[12]/c02[2]/c03[3]/c04[1]/did/container,Charles Kolbe files,327-328
blanchjj.xml,James J. Blanchard Papers 1982-2002,/ead/archdesc/dsc/c01[12]/c02[2]/c03[2]/c04[4]/did/container,Gary Bachula (Campaign Manager) files,323-325
blanchjj.xml,James J. Blanchard Papers 1982-2002,/ead/archdesc/dsc/c01[12]/c02[2]/c03[2]/c04[3]/did/container,Lisa Grayson (Campaign Press Secretary) files,320-322
blanchjj.xml,James J. Blanchard Papers 1982-2002,/ead/archdesc/dsc/c01[12]/c02[2]/c03[1]/c04[8]/did/container,Topical and issues files,318-319
blanchjj.xml,James J. Blanchard Papers 1982-2002,/ead/archdesc/dsc/c01[12]/c02[1]/c03[1]/c04[2]/did/container,18th Congressional District issues survey July 1981,3-4
blanchjj.xml,James J. Blanchard Papers 1982-2002,/ead/archdesc/dsc/c01[12]/c02[1]/c03[1]/c04[1]/did/container,Statewide issues survey July 1981,1-2
bentleya.xml,"Alvin M. Bentley papers 1935-1969, 1950-1968",/ead/archdesc/dsc/c01[18]/c02[3]/c03/did/container,Hearings and reports 1953-1960,97-102
bentleya.xml,"Alvin M. Bentley papers 1935-1969, 1950-1968",/ead/archdesc/dsc/c01[3]/c02[3]/c03[24]/did/container,Notebooks and published materials on Con-Con &amp; related topics,48-50
bemuehlg.xml,"B. E. Muehlig&#8217;s Dry Goods Store (Ann Arbor, Mich.) records 1900-1945",/ead/archdesc/dsc/c01[1]/c02[9]/did/container,Vol. nos. 10-12,10-12
bandum.xml,"Band (University of Michigan) records 1892, 1929-2012",/ead/archdesc/dsc/c01[6]/c02[29]/did/container,[Vol. 31-32] 1969-1970,31-32
bandum.xml,"Band (University of Michigan) records 1892, 1929-2012",/ead/archdesc/dsc/c01[6]/c02[24]/did/container,[Vol. 25-26] 1965-1966,25-26
bandum.xml,"Band (University of Michigan) records 1892, 1929-2012",/ead/archdesc/dsc/c01[6]/c02[21]/did/container,[Vol. 21-22] 1964-1965,21-22
arborum.xml,"Nichols Arboretum (University of Michigan) records 1921-2006, 1995-2004",/ead/archdesc/dsc/c01[10]/c02[3]/did/container[2],"""The First Trail"" by the Department of Landscape Architecture 1965",7-8
amorgan.xml,Angela Morgan Papers 1893-1957,/ead/archdesc/dsc/c01[10]/c02[19]/did/container, Awful Rainbow ,41-44
alumasso.xml,Alumni Association (University of Michigan) records 1859-1998,/ead/archdesc/dsc/c01[5]/c02[1]/did/container,Class Officers Council Files 1932-1950,118-119
alumasso.xml,Alumni Association (University of Michigan) records 1859-1998,/ead/archdesc/dsc/c01[4]/c02[4]/c03[1]/did/container, 1931-1946 ,114-115
alumasso.xml,Alumni Association (University of Michigan) records 1859-1998,/ead/archdesc/dsc/c01[4]/c02[2]/c03/did/container,Responses to Alumnae Council Questionnaires 1924,109-110
alumasso.xml,Alumni Association (University of Michigan) records 1859-1998,/ead/archdesc/dsc/c01[4]/c02[1]/c03/did/container, 1921-1926 ,105-108
alumasso.xml,Alumni Association (University of Michigan) records 1859-1998,/ead/archdesc/dsc/c01[1]/c02[37]/did/container,Harold Wilson Correspondence 1951-1956,66-67
aapsch.xml,Ann Arbor Public Schools Records 1833-2011,/ead/archdesc/dsc/c01[1]/c02[5]/did/container,Minutes 1857-1949 (10 outsize volumes),1-10
aaphoto.xml,"Ann Arbor, Michigan photograph collection 1860s-1970s",/ead/archdesc/dsc/c01[1]/c02[2]/c03[1]/c04[2]/did/container,Huron,58-59
a2twnshp.xml,Ann Arbor Township Records 1820s-1996,/ead/archdesc/dsc/c01[9]/c02[12]/did/container, 1980 ,91-92
a2twnshp.xml,Ann Arbor Township Records 1820s-1996,/ead/archdesc/dsc/c01[9]/c02[11]/did/container, 1978 ,89-90
a2twnshp.xml,Ann Arbor Township Records 1820s-1996,/ead/archdesc/dsc/c01[9]/c02[10]/did/container, 1976 ,87-88
a2twnshp.xml,Ann Arbor Township Records 1820s-1996,/ead/archdesc/dsc/c01[9]/c02[8]/did/container, 1972 ,84-85
a2twnshp.xml,Ann Arbor Township Records 1820s-1996,/ead/archdesc/dsc/c01[9]/c02[3]/did/container, 1962 ,78-79
a2twnshp.xml,Ann Arbor Township Records 1820s-1996,/ead/archdesc/dsc/c01[9]/c02[2]/did/container, 1900-1960 ,17-77
a2twnshp.xml,Ann Arbor Township Records 1820s-1996,/ead/archdesc/dsc/c01[9]/c02[1]/did/container, 1872-1887 ,3-16
